Hips_x,Hips_y,Hips_z,Spine_x,Spine_y,Spine_z,Spine1_x,Spine1_y,Spine1_z,Spine2_x,Spine2_y,Spine2_z,Neck_x,Neck_y,Neck_z,Head_x,Head_y,Head_z,LeftShoulder_x,LeftShoulder_y,LeftShoulder_z,LeftArm_x,LeftArm_y,LeftArm_z,LeftForeArm_x,LeftForeArm_y,LeftForeArm_z,LeftForeArmRoll_x,LeftForeArmRoll_y,LeftForeArmRoll_z,LeftHand_x,LeftHand_y,LeftHand_z,RightShoulder_x,RightShoulder_y,RightShoulder_z,RightArm_x,RightArm_y,RightArm_z,RightForeArm_x,RightForeArm_y,RightForeArm_z,RightForeArmRoll_x,RightForeArmRoll_y,RightForeArmRoll_z,RightHand_x,RightHand_y,RightHand_z,LeftUpLeg_x,LeftUpLeg_y,LeftUpLeg_z,LeftLeg_x,LeftLeg_y,LeftLeg_z,LeftFoot_x,LeftFoot_y,LeftFoot_z,LeftToeBase_x,LeftToeBase_y,LeftToeBase_z,RightUpLeg_x,RightUpLeg_y,RightUpLeg_z,RightLeg_x,RightLeg_y,RightLeg_z,RightFoot_x,RightFoot_y,RightFoot_z,RightToeBase_x,RightToeBase_y,RightToeBase_z
64.3764562138834,-339.990935388035,931.847187749643,70.4636217076828,-305.693319210217,1012.71798288037,72.4632591332761,-217.072274211527,1092.3475504922,75.990108818116,-121.051752553539,1192.8136311541,80.5020788830572,-31.626558671814,1299.1554829204,89.2456615700096,40.8235476701875,1363.42156742183,43.4536366550307,-51.1161899728381,1197.87207490119,-126.261658620096,-29.6864840847729,1230.62086595787,-187.284620411875,-138.781282465538,1040.37847039904,-124.372842486029,-99.1011639609169,942.083656969624,-61.4610645601843,-59.4210454562978,843.788843540202,102.243059220894,-51.893325283895,1193.06984018402,282.71975214239,-32.4884683255316,1189.53470439488,372.081254847559,-173.04811111639,1048.24221733963,283.823070486829,-138.252543834467,952.140251418621,195.564886126101,-103.456976552547,856.038285497614,-33.1271074768483,-353.225386516199,913.130954946071,-197.446241239788,-147.712383054823,497.875773113784,-207.766433178178,-223.387335163991,78.7263634101056,-251.948935767795,-112.600622242088,52.630274346183,160.564801701181,-333.664176441224,904.641171630794,284.014363059908,-122.175430698116,475.245314051035,253.133094965703,-241.059738814606,33.2737929745028,305.629940779843,-134.099286334849,43.0627987166604
62.61567877083,-340.695725491836,927.477490677466,68.8828540816097,-305.655959805237,1008.01569837144,70.6575373461022,-215.804700989277,1086.25991856079,73.8532320775033,-118.829191466212,1185.81568534333,78.341341082351,-28.6103869002416,1291.48610122206,87.1588747909869,43.789065024485,1355.79914985617,41.1897676008808,-48.9202635298856,1190.40182430969,-128.383989271324,-26.6782957396363,1223.34166203712,-186.846239448724,-136.394786004753,1032.65316465031,-125.794689066045,-101.583578676503,931.385390932924,-64.743138683365,-66.7723713482521,830.117617215534,99.9738488864706,-49.6208188371728,1185.52303215705,280.436792957269,-30.0942996620238,1181.95607088664,367.948520333935,-172.090639125429,1040.94261267778,280.202327507032,-141.004562378238,943.115786398604,192.456134680128,-109.918485631045,845.288960119428,-34.9301307805552,-354.085084873197,909.094534067184,-201.883422695176,-144.281521144889,497.048054508557,-207.557591649886,-223.126415888494,78.3945954605572,-252.364113122546,-112.655788350511,52.0239442657493,158.745971446476,-334.63638924778,900.006701213203,286.040855298902,-119.069556469969,473.773150875535,252.582242679074,-241.339060141524,32.9141636793864,305.45966664642,-134.568689624379,42.7298583943381
60.8659135404465,-340.656103126693,923.011892649368,67.1741749262483,-304.83463872025,1003.20225422963,68.914147490328,-214.008646121308,1080.31365266354,72.0161378384508,-116.482257522386,1179.33281138784,76.3019568159096,-25.9161563797456,1284.71414603135,84.9844083940063,46.3263743247518,1349.22173904427,39.2652088156042,-46.597941416203,1183.66314601143,-130.500435836897,-23.2105412077935,1214.770258826,-187.700976076466,-134.038081535287,1024.3417933362,-128.021078728615,-104.77675724142,920.532551423091,-68.3411813807643,-75.5154329475524,816.723309509978,98.0544310621778,-47.2440120742479,1178.83908718656,278.44793634531,-27.4371925214909,1173.66651554655,364.243173791847,-170.990687323574,1033.17584109775,276.653569563846,-143.778420121768,934.062874196721,189.063965335845,-116.566152919962,834.949907295692,-36.6755909399202,-354.45876158025,904.913977776795,-206.707828076254,-140.857792132933,496.090173997632,-207.467983975125,-222.906449736066,78.014974611391,-252.795191182765,-112.679786560496,51.5136129201731,156.93743569958,-334.623866756213,895.330350896575,289.235680191071,-115.518488155394,472.437818620379,252.325768036257,-241.517335007199,32.9063568854026,305.532648536629,-134.891768368555,42.5135549647042
58.8458620748266,-341.250264103159,918.566469516722,65.5087939146748,-304.349762597041,998.23719119163,67.0500493558859,-212.357802924282,1073.95812681561,69.9342233341245,-113.833254487777,1171.99081272996,74.3434178022591,-22.5472118245226,1276.74399898584,83.211223431054,49.4188125964804,1341.53482485403,37.0809761176099,-43.9739082338602,1175.93145680761,-132.347960828953,-20.6145979045758,1208.84308099335,-185.700344946868,-130.386818563689,1016.69410585156,-129.130432339598,-106.231982551354,909.873401686688,-72.5605197323269,-82.0771465390182,803.052697521817,95.8585896960718,-44.5581768071064,1170.96030246949,276.250988719993,-24.5224997156625,1166.71337836093,359.168472013112,-169.576533973599,1026.03617212157,272.765137241765,-145.90231036622,924.992511558514,186.361802470415,-122.22808675884,823.948850995455,-38.8070294001944,-354.736720645067,900.834541366495,-210.384398286111,-137.448499865475,494.607666396966,-207.280637518156,-222.476605499762,77.139080375632,-253.283665450843,-112.456256870485,50.9467252300847,154.899688385928,-336.164083204326,890.634655857833,291.673587776562,-112.781954044632,471.419423429579,251.967832245249,-240.963369654352,32.7635964443204,305.917069402118,-134.732387471626,42.5992501192408
56.516080952486,-341.331373534259,913.863574895564,63.4587706266906,-303.720248735154,993.177305836303,65.0712913939462,-211.001861261144,1068.00548639373,68.0115840339594,-111.998220189746,1165.55263573974,72.3554713707734,-20.2099213761553,1269.86874885486,81.15732176224,51.7256515509362,1334.70237085498,35.1223804603507,-42.1374317380566,1169.15309579962,-134.311378863588,-17.6829400673138,1201.23387039952,-185.675736710045,-127.201367185886,1008.39958187169,-131.470680018884,-108.675453361507,899.253458259644,-77.2656233277236,-90.1495395371286,790.107334647599,93.901194391309,-42.7157746561639,1164.19545971607,274.212113043406,-22.1245353298007,1159.2098981285,355.572365637368,-167.949986664634,1018.42103036434,269.479338231648,-148.00864107511,916.312461521159,183.386310825927,-128.067295485586,814.203892677981,-41.2184310719741,-354.605694780322,896.423662217719,-215.184179310051,-133.563580779224,493.249331897973,-207.304658405928,-222.446869523703,76.647475774408,-253.748535494968,-112.609758925433,50.4640730941743,152.540015804453,-336.873808573185,885.722376456677,294.519552984126,-109.771155335212,470.253626492457,251.795541506511,-240.673209134839,32.6861825110223,306.198425069863,-134.665935039582,42.4363592998474
54.2525541193786,-341.112852212197,909.335741710656,61.3956476778087,-303.05046222487,988.416056879314,63.099139566525,-209.634095321416,1062.36899268638,66.102542481576,-110.09182983058,1159.36450579713,70.3783397171543,-17.9584490532397,1263.37878518354,79.2728537332113,53.9031510013323,1328.28175755254,33.2839359460941,-40.1836193944247,1162.67720350811,-136.27627298992,-14.930371397796,1193.44416747341,-185.734056228021,-124.053332464875,999.888612108377,-134.034309729818,-110.380607726556,888.827967577077,-82.3345632316151,-96.7078829882376,777.767323045777,92.0700089930233,-40.842527230583,1157.81664187568,272.309966537309,-19.8508166379889,1152.00388544408,351.715699057157,-166.310461325606,1010.75814084821,266.03337041906,-149.958045673469,907.670976154941,180.351041780963,-133.605630021332,804.583811461669,-43.5555891531747,-353.881293025042,891.930942711574,-219.985441340034,-129.069199126822,491.924357709145,-206.832147162334,-222.427328522323,76.4358705986602,-254.050819543953,-112.945159821702,50.1519044847006,150.315410561875,-337.435342078852,881.214636989447,297.171811996069,-106.891317255147,469.352115924228,251.574181985516,-240.55650501647,32.9114778114409,306.567900843717,-134.837462968619,42.4747870272906
51.6577197646914,-341.768792384901,905.262330553615,59.1664095395995,-302.461100461516,983.696956184306,60.6197605852434,-208.205700830308,1056.58291927487,63.7867577315099,-107.988853410073,1152.87604589334,68.4209639116294,-15.3535148077213,1256.42811389221,77.3412587779758,56.1778115689981,1321.69139185617,31.1451195285608,-37.9840763710629,1155.88394126836,-138.0531523009,-12.171572353705,1188.14314936037,-183.046942454375,-120.292229997085,992.942923423188,-134.711327612389,-112.426504019313,879.823196380794,-86.3757127704024,-104.560778041542,766.703469338399,89.9232244380515,-38.8125576316815,1150.9534640858,270.121250558204,-17.1669668794435,1146.36847445771,346.441927865897,-164.352700598552,1004.17996489966,261.749356244199,-151.445484713605,899.794149037506,177.0567846225,-138.538268828659,795.40833317535,-46.2530602934915,-354.286425344468,888.257007478132,-223.915168883219,-126.635389468599,490.407262741529,-207.394225902872,-222.101868609648,75.5185521253399,-255.135020170191,-112.782347791123,49.5021324968169,147.682132511443,-339.07378993415,876.899641720471,298.671836399222,-105.044805041852,468.511799305354,251.375690944505,-239.992485918466,32.6469636862196,307.177975659895,-134.708600711514,42.3263430464802
49.3772705687995,-342.132480383226,901.359518564583,56.9399965672778,-302.29501126643,979.5211894407,58.4622091506226,-207.340595507497,1051.49269770106,61.7286042436622,-106.598946131136,1147.23330223102,66.3819550378653,-13.743410394521,1250.58710439227,75.3742903804416,57.5621981506067,1316.08707278472,29.25279855576,-36.5078958767828,1150.01889132565,-140.091450247131,-9.52265975164421,1180.50363323207,-183.613373814051,-118.129752473224,985.239741159981,-136.387130766297,-114.161462727892,871.449545635289,-89.1608877185435,-110.19317298256,757.659350110596,88.0384820161286,-37.4913311101264,1145.20870646047,268.172642710401,-15.5904000549506,1139.47148445075,342.960570134748,-162.958155176067,996.658428648386,258.679524115031,-152.929202926818,891.625329762321,174.398478095315,-142.900250677568,786.592230876256,-48.5554192674298,-354.511075360377,884.378598470359,-227.85074722116,-123.979072725032,488.927691927226,-206.628669547746,-222.106879858834,74.8745681862655,-255.495415117317,-113.296470028827,48.8144252546112,145.426425119165,-339.889787514104,873.041269355484,300.759802354985,-103.551963132094,467.622891669907,250.379233076648,-240.322954577117,32.6729508531714,307.112934856807,-135.513720563392,42.0853573628723
46.8174943472878,-342.622684772321,897.185728812224,54.9696664691598,-301.439243993224,974.586839008371,56.3379223851275,-205.945262186209,1045.84400369327,59.6401757330257,-104.9437550149,1141.30919778874,64.5225167664416,-11.7505732728672,1244.34805567529,73.5907429836089,59.3205590183769,1310.09194658867,27.3745648827869,-34.7460236578403,1143.83934723567,-141.585079162371,-7.32032935864666,1176.01802086879,-180.204486686141,-114.007513802079,978.675597640572,-136.426959110801,-115.856878488927,863.46109385263,-92.6494315354638,-117.706243175776,748.246590064688,86.1593843547275,-35.9230792580427,1139.06219924095,266.176516988614,-12.6325004734029,1135.56030765884,336.816073296579,-159.841451212156,990.489165964549,253.91075798195,-153.581281973734,884.077956796087,171.005442667326,-147.321112735312,777.666747627626,-51.273428138184,-354.389886808923,880.690369416539,-233.140575662301,-121.666806330395,487.70494116899,-206.8070307925,-222.06714286183,74.4910144527225,-256.16080370744,-113.381556089716,48.8308607778949,142.803974417451,-341.797616730272,868.579647188207,302.168697399775,-102.060610465227,466.737465258343,249.079233036378,-242.6974551169,33.3453292219648,306.810930279834,-138.367032684497,41.976432105952
44.5802141082518,-342.257459159429,893.413552598236,52.8948402735135,-300.803158178794,970.652619696726,54.2293112825983,-204.878715574281,1041.32989116839,57.4653708834696,-103.448070051799,1136.34128353208,62.3802641616913,-10.0675863520503,1239.2088765816,71.4892373056133,60.5530543624761,1305.43084784227,25.3315152749777,-33.1836701794615,1138.69122433001,-143.783090092531,-5.02123590371801,1169.38527273523,-181.259921178972,-112.722635395143,972.373746049994,-137.960569063948,-117.382870164299,857.057995730399,-94.6612169489234,-122.043104933456,741.742245410802,84.1207137331999,-34.4829758946159,1134.00042988808,264.117289391507,-11.2052513400919,1129.49902595715,333.476807716561,-158.824319148784,984.227121300792,251.041250554041,-154.734689269332,877.346438734862,168.605693391521,-150.645059389881,770.465756168931,-53.5565375060169,-353.696308860069,876.959869134058,-237.054571780096,-118.636249586183,486.129370960502,-206.134265749072,-221.94529005531,73.951485544984,-256.794374086351,-113.849540752049,48.3456743808055,140.570147356451,-341.92937876239,864.809041106634,304.222231060467,-100.367869261071,465.792601709595,248.6529465046,-242.555959896941,33.2182631579191,307.153914726692,-138.666424284669,41.9865558008556
42.1407302460025,-342.236450984613,889.908535270358,50.8613717444539,-300.170736808515,966.77134595938,52.2079878261462,-203.880045122293,1036.94858959475,55.447254775995,-102.186687299622,1131.67863095499,60.4393519429907,-8.63767516062906,1234.38926285563,69.5647110348864,61.6421637708211,1300.97056522747,23.4844159154331,-31.838795604746,1133.85666986662,-145.553944492153,-2.91734170735703,1164.26356506528,-181.385562276692,-110.496344230082,966.879423476607,-139.043657462874,-117.906490029848,851.352254423524,-96.7017526490547,-125.316635829615,735.82508537044,82.2771900355451,-33.2921284249031,1129.25676354437,262.22253653245,-9.56575722576124,1125.05986822382,329.778326050903,-157.259922005994,979.016356769583,247.903247564301,-155.191603823098,871.647739167828,166.0281690777,-153.123285640202,764.279121566071,-56.095102104818,-353.275294409174,873.776016012554,-240.874499131936,-116.665360983109,484.487495517419,-206.362287141633,-222.005677134994,73.1096188518537,-257.577479037033,-114.087223632621,47.8627047369115,138.064497641461,-342.680597779426,861.084472723583,305.807121078619,-99.157759284902,464.969431736369,248.524469662645,-242.55836216504,33.0192936202733,307.638172499808,-139.02125085774,41.8464430778942
40.1613216560739,-341.540921535728,886.453617068094,49.0201795609747,-299.373384625194,963.244795154028,50.3477563554465,-202.774942548517,1032.99818025292,53.5067736078653,-100.822417512277,1127.45195656953,58.5860008320722,-7.30628242247995,1230.18825268929,67.8176651396438,62.4507784908885,1297.30253277302,21.675599685972,-30.4144788477411,1129.61790375402,-147.451381822136,-1.05545985920364,1159.09856165768,-182.799982059269,-109.461022212808,962.079891274355,-140.814487461189,-118.461552052329,846.535602538743,-98.828992863108,-127.46208189185,730.991313803131,80.4695356484957,-31.9783621707327,1125.0693912296,260.443896137343,-8.62658409149197,1120.08879149962,327.030774384337,-156.76564167591,974.050900838332,245.606213034834,-156.134789782028,866.32221710956,164.18165168533,-155.503937888144,758.593533380789,-58.1108010695698,-352.25661088779,870.324237163089,-244.241974632781,-113.760638674574,482.834758832465,-205.624794652172,-221.865341387578,72.5403291176684,-257.892216374587,-114.48983574276,47.1353576836219,136.087411546838,-342.377846496096,857.646016781128,307.553958530598,-97.8300048571935,463.763213529282,248.188820052827,-242.841434800889,32.6328128413396,308.116290602007,-139.784960756994,41.5962541305513
37.1961694596705,-341.485186159875,883.247424379569,47.3327207284574,-298.453708880353,959.398641413989,48.551962152085,-201.787134586715,1029.05955634642,51.8047261433945,-99.8179730103332,1123.49218961248,56.9487582828686,-6.05858084914695,1226.00330084755,66.0874021767848,63.0662504044919,1293.78117818413,20.1308152187587,-29.3327078489328,1125.43732439088,-148.669729818128,-0.0839073580762246,1156.83606203337,-181.48188598148,-106.553935284047,958.32877871889,-141.884351311567,-118.531968477555,842.213164254959,-102.286816641655,-130.510001671064,726.097549791027,78.9275325177033,-31.0415077770899,1120.97776826144,258.827468875903,-6.72579651770991,1118.60259863198,322.314652031382,-154.239920384634,970.565376690218,242.011149681739,-155.692111754554,862.006336930227,161.707647332098,-157.144303124472,753.447297170236,-61.3559803556957,-351.116407950433,868.177376834701,-249.265405337292,-112.911469842216,481.367741723539,-206.564383523716,-222.847430436373,71.9655681855511,-258.433240951607,-115.061579584088,47.4987100969487,132.824904739788,-343.951614122553,853.558121234431,308.817735644999,-95.6772093532263,464.027083076085,249.589491622596,-239.771374305887,32.5704298480182,309.717799777244,-136.908600159095,42.3744138246252
35.2787255816588,-340.696403708568,880.454763259928,45.4466045076734,-297.802943853255,956.679633899981,46.68090770963,-201.114334830541,1026.30969626817,49.9727236163874,-99.1701144280613,1120.76790123896,55.2088122153692,-5.66898112172815,1223.5099766431,64.3435833763101,62.8987211621891,1291.85193976721,18.4414092613429,-28.6249246860975,1122.85241719104,-150.347480410814,1.3436170254318,1153.62893894661,-183.318353189938,-105.175758190651,955.174434791883,-143.713558106505,-117.828494332769,839.132880045433,-104.108763023075,-130.481230474886,723.091325298981,77.2388256496955,-30.443563586256,1118.44583327563,257.127952107189,-6.11363846298431,1115.47274189489,320.460787700068,-153.573762497884,967.315656337514,240.052079741884,-155.596742694002,858.843661340523,159.643371783702,-157.619722890118,750.371666343532,-63.2817637511401,-350.093068323075,865.291464277993,-251.841047933375,-110.191626756676,479.848948416119,-206.598215097616,-222.556734486243,71.3803437042875,-259.271762477718,-115.212415616063,46.6924970536157,130.925686352635,-343.322825932618,850.837980838635,309.7627334843,-94.0530441976202,463.242866357911,249.88791121012,-240.253515805902,32.5847831442126,310.465269927714,-137.651411718149,42.3558473694439
33.023799966965,-339.481962099847,877.255092456233,43.4682966189674,-296.915550190225,953.625758494528,44.8340342289096,-200.521317117348,1023.66034134909,48.3305252974094,-98.9954736961805,1118.5607643174,53.7016602745381,-5.90288336791912,1221.66621105407,62.7546812314275,62.2538017860023,1290.42889602709,16.8846143637049,-28.4210881002287,1120.92795056784,-151.839278162785,1.88384738728121,1151.73145745022,-185.229844549268,-103.651814092213,952.822080597307,-145.591963030408,-116.435628036865,836.806192016556,-105.954081511548,-129.21944198152,720.790303435805,75.6788327516947,-30.2932236354734,1116.50114631634,255.548330064299,-5.84623013765388,1113.30884433648,318.987134129844,-152.777184458026,964.672136061856,238.333056735962,-154.894547205062,856.384264913956,157.678979342079,-157.011909952101,748.096393766056,-65.5935720375572,-348.541468385917,862.257349819816,-254.71740874374,-105.995391909536,478.751400027207,-205.588040905475,-222.382402451063,71.8609953893843,-259.278802899506,-115.622143236985,46.8341240588086,128.602359775098,-342.262187688766,847.432244669818,310.690816444152,-91.3643512589578,462.409964918326,249.736484921648,-240.469148008933,32.9006100342453,310.961030026944,-138.250272460338,42.6545019117758
30.914755398167,-338.306916458884,874.762455367118,41.6258278661326,-296.064890548637,951.276177913405,43.0488104589395,-200.040452919991,1021.81580297041,46.77013406871,-99.0304325530625,1117.25657071565,52.3472413016925,-6.52409776861144,1220.87744945827,61.2547715697493,61.0220797703832,1290.25876948543,15.4196567236165,-28.4289591983845,1120.04445841501,-153.159465109537,2.19237419676465,1151.32401537339,-186.889884959556,-101.968263429744,951.748299632415,-146.524486877606,-114.278781993907,835.932239762367,-106.159088795656,-126.589300558071,720.116179892316,74.2077759254246,-30.3538902420014,1115.55967476478,254.061989080026,-5.79237627091818,1112.38534200188,317.910720826802,-151.949984391954,963.162852784794,236.762260831244,-153.537730224982,855.235872995106,155.613800835685,-155.125476058011,747.308893205415,-67.7560995139776,-347.07934301656,859.946925588857,-257.140793106061,-102.93673323265,477.584450610183,-205.570771581783,-222.238054971592,71.8417243603589,-259.794096241029,-115.806712456731,46.5633630025454,126.420845611274,-341.191131355665,844.718137500857,311.001027493661,-89.1456297823167,461.636804263101,249.746853595495,-240.705965488507,33.0305190795705,311.653751242096,-138.911901893841,42.9192242115064
29.0743708928117,-337.00446472718,872.551289546703,39.9505137266408,-295.101633707781,949.228064608804,41.3780463940084,-199.562039589534,1020.42289806422,45.3126794554088,-99.2142319238278,1116.5511913555,51.1836862233393,-7.4250048775651,1220.79169063249,60.0234055035439,59.5276853289402,1290.75449790518,14.066824517038,-28.5893475755864,1119.8700838528,-154.269128927623,2.29027186193176,1152.18808103265,-189.032291223078,-100.049522562631,951.849030940317,-147.898959902093,-111.250125313105,836.190613581614,-106.765628581107,-122.450728063579,720.532196222911,72.8450410052776,-30.5664147078996,1115.27943300417,252.699965840855,-5.98986848360272,1112.26584136367,317.160310757468,-151.105766559775,962.291515880094,235.421793834878,-151.678010490642,854.800521600652,153.683276912284,-152.250254421506,747.309527321209,-69.628902994331,-345.609275794194,857.853876513298,-258.71798957733,-100.163478636175,476.180041487165,-205.395533432435,-221.995063795761,71.4168849110137,-260.002608519756,-115.803181010223,45.9581626252442,124.530015981546,-339.86084030633,842.344437035093,310.844915961116,-86.9333445118223,460.686833679632,250.161410226267,-240.556885364141,32.7344102656855,312.51216486454,-139.040272344472,42.6864213981432
26.9069571361659,-335.293551844395,870.310952787417,38.1307425948162,-294.053215003592,947.296190473233,39.5006843711698,-199.319604405325,1019.56113693475,43.6303221288369,-99.8758379919065,1116.61625542542,49.8863500327952,-8.95557648724645,1221.59330422431,58.5771197195561,57.1584200860017,1292.36764804805,12.4475763887163,-29.2582021591925,1120.61358765405,-155.595116072621,1.48104778923024,1154.55101659908,-192.08243239022,-98.7953663566744,953.476496876874,-148.553597930308,-107.748507770132,838.501039570332,-105.024763470396,-116.701649183588,723.525582263792,71.2100950558093,-31.2397980230405,1115.82805937287,251.11453276175,-6.99059167356936,1113.13517399987,317.486058692337,-150.796568186434,962.733312607455,234.741154727359,-149.405072353846,856.022623966722,151.99625076238,-148.013576521256,749.31193532599,-71.863501487453,-343.550719965678,855.867661011969,-260.123254409343,-96.3559437651651,474.913272141266,-205.607480381707,-222.068346585496,71.4980337669351,-260.508368567945,-116.060792781911,45.9033825191451,122.256393032626,-338.117206436886,839.767458416554,310.182107168126,-84.0333328758496,459.670895099818,249.630994894973,-241.068853028775,32.9398731539914,312.592368353529,-139.923630786383,42.8288224549547
25.1200864916551,-333.032080873879,869.06350643671,36.5969852437817,-292.696499616672,946.489517853952,37.782667613343,-199.055175699974,1020.16755268786,42.2817278201667,-100.396218315145,1118.00405506161,48.8729805264324,-9.98287582916556,1223.39758190274,57.3214552829706,54.599204023834,1295.6012937219,11.141937271131,-29.7850191184761,1122.42726430507,-156.982762451592,-0.0403378073892107,1156.84145232821,-199.144910792907,-99.0302887723268,956.239884979535,-150.146558782441,-102.911109975751,843.198411703125,-101.148206771974,-106.791931179174,730.156938426714,69.8899042619575,-31.7691710840008,1117.46731283146,249.915151698645,-8.68824269184094,1113.10115016642,320.671892204779,-151.261856254896,963.527400350493,235.666967550887,-146.593948736178,858.702785459772,150.662042896996,-141.926041217459,753.878170569051,-73.6978528599411,-341.044681254159,854.808468840686,-261.345999567115,-93.7579699415683,473.612070908531,-205.413327896479,-221.69250323957,71.09036488149,-260.605147085719,-115.771208516842,45.7657211841562,120.379585431154,-335.574911773289,838.21622337602,309.220862182077,-81.2724644820526,458.720078759132,249.575823841357,-241.023330571405,32.8702377785564,312.831920824808,-140.06195569493,42.7570383732947
23.9315671586267,-330.629478429962,868.065739755162,34.7974698338414,-291.374227243614,946.13252512292,36.1081858074697,-199.094531664168,1021.50689750466,40.7932387051085,-101.948354867337,1120.83707028635,47.2409240125306,-12.6208195272755,1227.16125096028,56.009106516606,50.9007001047785,1300.26209420799,9.47230391471434,-31.4692641348697,1126.02258866173,-157.421998710827,0.981672386120195,1163.81445988414,-219.193571285387,-100.814292478847,969.805438634058,-167.005560127964,-101.065560646748,858.133498070653,-114.817548970543,-101.316828814647,746.461557507247,68.2208453327462,-33.2470186226061,1120.99167687229,248.371552937831,-11.514269807483,1115.13569490268,323.726368627689,-151.640361361839,965.494829950877,236.517441261513,-142.665618556913,862.782204425912,149.308513895337,-133.690875751984,760.069578900947,-74.7671526506125,-339.054688217165,853.234301946482,-261.813334169742,-90.3421600556666,472.670190835735,-205.348744165037,-221.477732781934,71.2543914024463,-261.008827329741,-115.779950387106,46.0208997996684,119.344944599887,-332.112288344528,837.627578190727,307.895561026967,-78.5133864049271,457.516609837656,249.571266855829,-240.664572743727,32.3916560223047,313.228406713349,-139.995572152199,42.6777006260933
25.7890489622084,-324.012926306283,867.487534193884,31.5527208480448,-290.389666156441,948.664637046811,34.188543585954,-198.373241574942,1024.32563261436,39.8756264741083,-102.5595894667,1124.89010829856,46.6553537822839,-14.3831386436185,1232.15035922875,55.2341194511673,48.1215712814766,1306.14470888529,8.62598567426549,-32.1149773164262,1130.90752936735,-158.442435293721,-0.366847263126392,1168.52662044925,-229.198321293786,-100.470230264796,976.717957257238,-173.124534459693,-95.6907354234057,867.049544245096,-117.0507476256,-90.9112405820158,757.381131232953,67.360658835524,-33.8859860282411,1125.71490960649,247.683419073724,-14.0324476785812,1118.61409968244,327.453092918064,-151.621400453979,968.907261313536,237.760575887899,-137.646684122004,868.928332757368,148.068058857735,-123.671967790029,768.949404201199,-71.6838937019615,-336.139795018294,847.88249649836,-262.712778662783,-85.0702683699902,470.860884054052,-204.637773774214,-220.804571428882,71.2073776592974,-261.364012298029,-115.74685887716,45.676884990868,122.253910360557,-318.432987732027,841.109744288004,308.603577575727,-73.1429678258765,454.516037736088,249.254527865965,-240.448929104556,31.5357042720949,312.315043660657,-139.448290647645,42.2373035699473
24.3393457505231,-320.751762488046,867.965876481632,30.0866236141374,-289.035041819302,949.907831495443,32.7364263396189,-198.608891552535,1027.46198095238,39.011510737707,-104.116232361393,1129.23414456561,46.140334814565,-17.4657947733991,1237.70853852486,54.7445629350273,44.072173128697,1312.50588827234,7.75667106887386,-33.7774804325239,1136.36069785633,-159.514118550742,-4.11092282109145,1174.7713130553,-239.404323197404,-100.112069987667,984.458462959056,-177.510773343682,-87.7082911430204,878.583023359811,-115.617223489958,-75.3045122983723,772.707583760565,66.4731106809651,-35.4493463569354,1130.93426377781,246.935408480672,-17.2110536540883,1123.08530852013,332.768875741666,-151.001531024828,973.289506481686,240.301601008427,-131.13305251699,876.90033111331,147.834326275185,-111.264574009148,780.511155744936,-73.128549977696,-332.442867052637,848.07315480292,-262.598362092229,-82.3017222341275,469.650327376967,-204.579853162431,-220.33388003638,70.7764018975886,-261.375076743924,-115.376188420015,44.9891820310361,120.805065693462,-314.530442419332,841.735111111424,306.174069136457,-70.8979078800857,453.624808544169,249.362700703317,-240.127370238976,31.0614235181821,312.826419083709,-139.38958525771,41.8566527853231
23.126115037079,-318.331649341804,869.506286420394,28.8339235069331,-287.662213349583,951.848694587126,31.6379540699392,-199.180098819226,1031.60839008165,38.5897895781682,-107.366357963446,1135.76078604482,46.235127131373,-22.7030118552158,1245.75841897931,54.6773932258523,38.2712621287509,1321.03433690553,7.45167977876695,-37.1304481459941,1144.27711610395,-160.2792188707,-8.45120979690613,1181.40990466614,-249.449813730606,-99.9108798821563,992.991806470217,-182.008958871875,-78.9302454493862,891.967957661247,-114.568104013143,-57.9496110166167,790.944108852276,66.1452192408937,-38.7747653949159,1138.60029926784,246.610700903226,-21.0901529902114,1129.63666390156,336.706462806496,-150.758803720825,978.723268372045,241.942447626156,-123.907803894173,886.340197962939,147.178432445813,-97.0568040675208,793.957127553834,-74.3514766275669,-329.262226912469,849.232298242286,-261.862244945704,-79.3986121156398,469.652103663739,-205.024591959131,-220.056883931308,71.5262891702302,-261.68867411049,-115.161190109474,45.2038582199212,119.688539156077,-312.294239058324,843.590250366524,303.400204310616,-69.4680719856442,454.188705745487,249.132827452302,-239.736567342765,31.7083533314536,313.061096028873,-139.261632189669,42.208150058571
22.3045660894384,-315.532782056732,872.009154687071,27.4893224446221,-286.265043164013,954.894517242538,30.3847205801111,-199.715389356512,1036.74395401506,37.7396569347737,-110.197947486326,1142.84930319205,45.9180108120365,-27.7135377195409,1254.45239134386,54.3543343417337,32.2814493897293,1330.51176112416,6.58160529725796,-40.1774243770937,1152.92377335699,-161.301556236266,-13.6829654952295,1190.98011031304,-257.145708503744,-98.045673034521,1002.52725673871,-184.402126717483,-69.0472197305492,907.334111143349,-111.658544931223,-40.0487664265762,812.14096554799,65.2440435354197,-41.6460418398803,1146.88861752637,245.809671073902,-25.0537006297812,1137.85364595452,341.127590443594,-148.90173756147,985.268534489881,243.95159716238,-115.163278367274,897.779282784221,146.775603881167,-81.4248191730765,810.290031078561,-75.0355298560591,-326.307856723247,851.004476954094,-261.231366681096,-77.5174006093105,470.074486474836,-204.575511087791,-219.445056773596,72.373484670698,-261.684941585013,-114.866979650303,45.751428156763,118.997320365613,-308.861891955537,846.742506805747,300.71123605478,-68.874035192672,454.653272404202,249.278936558804,-239.807348783474,32.0867359255417,313.232064343629,-139.334080437522,42.450212318534
21.0543803913526,-311.76938623356,875.876094890796,26.4381569723607,-284.946995316732,959.572211046426,29.4588362054652,-200.731295904681,1043.81678163736,37.2276988340712,-113.657201095069,1151.90729647691,45.9747467047895,-33.4626808228835,1265.12452433379,54.3237138434755,25.4016322862234,1342.07181248761,6.10011867700985,-43.8707589741706,1163.57430282442,-161.874828877778,-19.6177072880075,1202.7048987606,-265.496035115385,-94.7137949215132,1014.44744417369,-188.195432660185,-57.9230626657153,925.760732465563,-110.894830204982,-21.1323304099165,837.074020757434,64.7299353035751,-45.1895841017485,1157.19724191706,245.321095426619,-29.231514959475,1147.55072642361,345.969406611823,-146.001842649499,992.82300986252,246.635879990409,-105.154326220951,910.968520959488,147.302353368993,-64.3068097924006,829.114032056456,-76.3518237671116,-321.4417339028,854.642393343048,-260.348328631854,-76.5086494595645,470.160522907567,-204.496807613141,-219.040025444932,72.5616712330106,-261.634180678923,-114.532275732506,45.7242717922983,117.763714514954,-304.852672309461,850.739333737542,297.569531481999,-68.9156657137836,455.326026695661,249.11732158722,-239.649230177431,32.3267475000637,313.269139598778,-139.282437285031,42.4920305179468
20.5482317903028,-308.229884668886,881.261523689332,25.674641805172,-283.137630928412,965.50856688308,28.7293545151753,-201.459766210043,1052.21468748507,38.2076855289961,-118.029030269402,1163.00857790025,47.8463945873468,-41.6758374355311,1278.78032680083,55.5305240833883,16.9027552323881,1356.01438922959,7.47525437988147,-48.5202092139987,1177.12361451352,-161.535176794506,-26.3137376270412,1212.86356183232,-274.887831949618,-91.6046635096724,1026.56832159733,-192.717790886032,-46.7465300754228,946.380378801299,-110.547749822446,-1.88839664117121,866.192436005268,66.0692904472456,-49.9064560636014,1170.43938978611,246.346565386489,-29.0869959440111,1165.19186014718,337.102259254412,-131.378939360845,994.880907510439,245.425373817939,-75.780085642103,912.783754058966,153.748488381467,-20.1812319233577,830.686600607495,-76.7866250536737,-317.644746663407,859.589444504339,-258.115944747269,-76.0749070424984,471.727447454009,-203.943702052806,-218.356066989915,73.8067618409317,-261.619046082242,-114.324147246597,46.2802378111991,117.305229200406,-300.610390156987,856.514407595165,294.306556917929,-69.7862850682536,456.840979933865,249.109407659422,-239.204748543753,32.953543447892,313.355884498307,-138.852095355529,42.6497829458777
18.6903548336169,-303.116559033556,887.912390954043,24.55855725172,-280.829471167315,972.896598187675,27.7745581916615,-202.14492970136,1062.32230185718,38.0411511017805,-121.623767870587,1175.17952218081,48.8222576015564,-48.0977010453468,1292.66781032727,56.0046961207245,9.02096463611215,1371.03533148243,7.52434052280358,-52.4444361074257,1191.246168263,-161.790256832193,-32.631823060664,1226.9536541339,-282.043066610681,-86.0423142167322,1041.20051918758,-195.964800107052,-34.6743287653876,969.4639451137,-109.886533603423,16.6936566859561,897.727371039822,66.0537163551306,-53.7290957211996,1183.99886410538,246.34527525203,-32.9442755914117,1179.11753342611,343.519980042242,-126.924094966741,1007.5630856709,251.159486842673,-63.5242088956768,932.158707780002,158.798993643104,-0.124322824614254,856.754329889101,-78.8455913670803,-311.37872163557,866.678717996063,-256.722771044083,-76.947777297544,472.882984603965,-204.041562749023,-217.750581384738,74.2369096865413,-261.563163697224,-113.700022648192,46.460268231495,115.296399157397,-295.120814957703,862.698639226085,291.147871227096,-71.2789955707029,458.570954024055,248.696405284037,-238.630623012199,33.5800568155225,313.358414688109,-138.493946716643,42.7316932175386
18.5756564537957,-299.117704564303,896.221719265668,24.1994907786638,-278.14926792751,981.557308071285,27.3298081611046,-202.570103999662,1073.62547465232,37.7858407164531,-126.371896881681,1189.42839873864,49.4920349169647,-57.2838759016576,1309.49347686771,56.0805860966284,-0.215637401048156,1387.94986546741,7.26030878637428,-57.9265625937117,1208.36568740504,-162.416436354595,-38.4243708522053,1242.4899271195,-291.454429823049,-81.6954253813352,1060.02223669429,-202.816707516955,-23.1171990047828,997.522480435394,-114.178985210861,35.461027371769,935.022724176499,65.7223719298264,-58.7822500436857,1200.53519730563,245.863102643253,-37.0579716079981,1194.3501175985,347.187281731839,-119.59998295684,1019.34644523706,255.871333621144,-47.1529514946726,951.165423567023,164.555385510449,25.294079967493,882.984401896987,-78.883916456707,-307.54421086218,874.703851361805,-253.039718711336,-78.6618125375035,476.011184475298,-203.458574240546,-216.914032683325,76.0768572026445,-261.632243509178,-113.577991764165,47.0203259139423,115.177269268152,-290.226855647905,871.292334864429,286.925086567247,-74.0429723434092,461.273674149215,248.353455626461,-238.255170845428,34.6912787929988,313.395495060473,-138.298883717861,43.0910179832236
19.0065903082593,-294.994067351296,906.108976816574,24.2397848084115,-275.599505280936,991.840710741234,26.8977713881017,-203.136822811091,1086.39572626742,37.3884612750942,-130.525872286363,1204.47793450103,49.2055540383266,-65.1393343195948,1326.58759662111,55.9948323222012,-9.52397807117067,1406.06360315177,6.70611898993311,-62.7928530200592,1225.59723279448,-162.643121590077,-44.5986406457132,1261.99506805287,-296.601185348955,-74.0210004365837,1080.31620889241,-206.001825109775,-10.7391728430823,1025.71364325548,-115.402464870598,52.5426547504193,971.111077618558,65.1493936239178,-63.2244425089416,1217.59354715798,245.190003268829,-40.5602008713046,1211.88448627356,346.137593006358,-109.66041473205,1030.94028820117,249.42236062246,-34.2946683517123,974.354118862106,152.707128238565,41.0710780286256,917.767949523042,-78.3109949516246,-304.144301161993,884.246821849402,-249.908984521821,-83.4060827911775,479.893007378919,-203.863708186391,-216.738844995916,77.8710683714061,-261.519574257128,-113.284785156664,48.2087392321829,115.539592913508,-284.500113211445,881.539700597288,282.350012066252,-77.7243240212973,464.687036758864,247.997458313534,-237.822137926392,36.1843542566161,314.173279329184,-138.551528870272,43.8256067102168
18.7852014033509,-290.201767575742,917.362704956877,24.01825319577,-272.264996327467,1003.41125503433,26.4256234119632,-203.140566116948,1100.43998233327,36.8020229205757,-134.780814845623,1221.04299784738,48.9923265561966,-73.6193981709152,1345.28667060116,56.089777648978,-19.3332448233587,1425.64983073706,6.08852856607273,-67.8722778829777,1244.60401933404,-162.72012295792,-50.31564121264,1283.72435598805,-300.166365851942,-65.5660230771567,1102.91063379075,-207.478105227009,1.10028201326011,1056.44813212142,-114.789844602077,67.7665871036778,1009.9856304521,64.5002312219293,-67.9204294696479,1236.36191538744,244.373173680456,-43.9852354202647,1230.55559093628,346.40461328487,-101.046627656243,1046.05724109591,243.709773034493,-27.0048386782695,999.074161866306,141.014932784115,47.0369502997052,952.091082636697,-78.4951670036475,-299.756324815779,895.507880364596,-245.876364836598,-88.6989371716931,484.276130515749,-203.918985256629,-215.810671363397,79.7991624163623,-261.389338188746,-112.518170994167,49.2277204993683,115.185467532606,-278.499569619948,892.818046625051,276.553575045971,-83.0134938024749,468.443666718167,248.06276705625,-237.257876850497,37.3718617524821,314.66018742298,-138.230680900301,44.4908442125225
19.4618939612423,-285.090822726878,929.887677221204,24.4281594188699,-268.975825179386,1016.3116821374,26.6192346455893,-203.108188307376,1115.58509150158,36.9655095428993,-139.422162285366,1238.72264587476,49.1319222474972,-82.7416940469745,1365.07578407843,56.4572129215592,-29.6411604126171,1446.20698158348,5.70963797645107,-73.730997922507,1264.85565574187,-162.930221756856,-54.5242963901544,1303.92863087589,-305.669938383845,-55.3050609612287,1126.60855397688,-209.485599178985,11.7784796009989,1088.62638143743,-113.301259974125,78.8620201632261,1050.64420889798,64.0803484422089,-72.8972081128558,1256.36880959775,243.626179925402,-46.7383346070605,1250.05295016148,349.684360482496,-91.0806555224915,1064.33413270286,241.88229447711,-18.5981428596015,1027.44475230619,134.080228471724,53.8843698032876,990.555371909529,-77.6829853437895,-295.343830503355,907.748543187549,-240.505401589916,-93.8357912988301,489.948819331005,-204.787050809745,-215.247079085066,83.1283048421893,-261.79577577192,-112.306764873948,50.5692485312762,115.726978702787,-271.687988620107,905.684567978311,270.980895129261,-89.2750916759956,473.284472297227,247.843317838718,-236.902785551923,39.5833385701577,314.597635255951,-137.88855161462,45.2687965548867
19.9092531209899,-279.850566431532,943.547519589428,24.7677127728262,-265.331331926552,1030.25999137698,26.5938172271438,-202.675605982414,1131.59844189541,37.0124006740111,-143.012798093043,1256.72883422857,49.5708740931053,-90.6147902182272,1384.87931658376,56.8265744676557,-39.108903051706,1467.03828544037,5.57111764595919,-78.4128629821598,1285.25052584496,-162.373202030344,-59.7142728925708,1327.44134567074,-309.306509524067,-45.1319395834649,1154.19122396297,-211.168363322897,22.6806690744621,1123.13275779574,-113.03021712173,90.4932777323897,1092.0742916285,63.890933744893,-76.990345231174,1276.49626421803,243.161098487059,-48.5832214190972,1272.48058288802,352.389994365909,-77.8465691657637,1085.61495461673,243.794840337757,-1.90929147363315,1059.60632448526,135.199686309606,74.0279862184969,1033.59769435378,-77.1378267290538,-290.708689988461,921.268416267805,-235.096557180293,-100.367438878681,496.424343752864,-205.87455321711,-214.394961348684,86.9573353174573,-262.260872026836,-111.853765697932,52.1337598956848,116.009512323885,-264.970848075651,919.553204383533,264.031021508395,-96.645372062843,478.980561989439,247.824414081876,-236.676577806544,42.4550024034807,314.594475827563,-137.584221132486,46.2949961256322
20.5848762623427,-274.628876412764,958.224910138874,25.2932097702986,-261.57878474644,1045.17887650835,26.765186803199,-202.126540215059,1148.43496644176,36.9979872187504,-147.660276653921,1275.92821544374,49.8646389638859,-99.722570255846,1405.78289649104,57.2349991991811,-49.5109122295509,1488.7290534398,5.25148386087356,-84.3362250355738,1306.87036789999,-161.945074237236,-64.0965279735538,1351.26251454136,-313.283812384051,-33.8186545331038,1183.93803132509,-212.880751688075,33.2952520999495,1159.25559034398,-112.477690992099,100.409158733003,1134.57314936287,63.5124815727535,-82.1820703372524,1297.8771834612,241.886437623324,-48.6480947075805,1293.50835892363,357.717978747286,-60.0044753318819,1108.68372597272,246.47867071796,14.9037825340897,1092.85982899231,135.239362688634,89.8120404000617,1077.03593201189,-76.3408915422042,-286.144666495149,935.74880919384,-229.597473371067,-107.073732389318,504.333395658948,-207.27629230324,-212.944530224663,92.2501863009874,-262.417352315573,-111.069272629772,53.6795945211782,116.516478055277,-258.292179611288,934.505021554135,256.762872498588,-104.910382953381,486.004119011057,247.983131168245,-236.120964650126,46.5355123152885,314.900822388125,-137.05710329887,47.3453422405813
21.1422130969444,-270.080163255422,973.780986993028,25.8445374827855,-258.350384345037,1060.92320406598,27.0663861120435,-201.709360130173,1165.75095643318,37.1556413426495,-150.998676801728,1294.79531367901,49.913918190091,-107.23580434325,1426.12638379497,57.5430220467645,-58.6440788308034,1510.00867483654,4.96238612144603,-88.9844942863458,1327.85629177483,-161.225533638353,-67.5351436518979,1375.35889953185,-318.452639712757,-19.5010453387431,1217.91046834802,-216.09040921254,46.0870653422131,1197.55248569306,-113.728178712325,111.675176023169,1177.1945030381,63.1842670322437,-86.0592401304534,1318.82761111095,240.919571078759,-49.0548374737165,1317.51679990669,360.206755705797,-44.8373628935426,1134.59922629115,249.479712946377,32.1747979724686,1127.93022760267,138.75267018696,109.186958838479,1121.2612289142,-75.6788893200589,-282.387233384996,951.273140561267,-223.930552767351,-115.092379839511,513.42943030247,-209.572239675942,-210.971579734649,98.5554129599161,-263.30928283975,-110.042158009064,55.7491379327194,116.833249787201,-252.235175869046,950.176434005569,249.552615174511,-113.936170118844,494.537277060067,248.795189301178,-235.536685052655,52.2266419267658,315.485373130291,-136.367628733884,49.0329766012186
21.8608517277585,-265.556841947243,989.657509375466,26.569095206081,-254.732411875878,1076.91649012407,27.5211951708819,-200.526768860608,1183.02680053497,37.4238956199083,-154.919290700679,1313.97605433752,50.4213120395579,-115.727500453617,1446.71972972501,58.0377498312522,-68.1795411168299,1531.19918996588,4.93579936001855,-94.34120279836,1349.33155822232,-159.975832665773,-72.582522587138,1400.96207747694,-320.690070736179,-6.88227723705891,1253.74775273261,-217.206171547259,57.8455981376854,1236.55302355227,-113.722272358341,122.573473512431,1219.35829437192,63.097841898686,-90.6843417200188,1340.18465831131,239.880130214335,-49.3814081097385,1341.90876955188,362.669143688353,-27.1283589285388,1162.6499672082,253.020029708574,51.6796921980405,1164.12961043735,143.370915728796,130.48774332462,1165.6092536665,-74.8722987285945,-278.510024192802,967.134062216655,-219.548500473707,-122.828107404153,523.845019058014,-211.678577940626,-207.800732227351,106.427782059718,-263.245814407154,-108.300850611486,57.9779230177396,117.352691991332,-246.575344162892,966.132965079081,242.737809095828,-121.489706017953,504.635140792901,249.656699892498,-234.040186831995,59.9886799986903,316.316732478589,-135.19688979334,51.1159952484348
22.6514880513636,-261.598579955274,1005.4402842083,27.2115284270883,-251.871919637543,1092.83630056569,28.3197828115945,-200.053096423029,1200.13093014901,38.218956281973,-156.766239624498,1331.86576610686,50.9122764207626,-121.754057873792,1465.8017185791,58.6211342462859,-75.8944100978514,1551.20115640634,5.24644128839886,-97.618913767795,1369.14310354451,-157.80137375621,-78.0026252255428,1427.1569664865,-321.093412895937,5.69588043860726,1292.44276504242,-217.276861563338,70.2807018314325,1276.78395063906,-113.460310230739,134.865523224257,1261.1251362357,63.3762144919472,-93.2010445435509,1360.12792179262,239.559224086996,-50.3873744759641,1369.47774167735,363.550881032045,-8.20385649846511,1194.68449791622,255.920837910528,72.9690457188889,1202.5940001937,148.290794789012,154.141947936243,1210.50350247117,-73.9219340475923,-275.350633233134,982.705989098184,-215.345972157581,-128.714334884738,535.302059966769,-214.095597881253,-203.427675079877,115.855060031895,-264.653670875848,-106.251877157054,61.9334436550676,117.928462472843,-241.226567939825,982.209436807805,237.283738864543,-128.976148388119,515.838074489921,250.996020004871,-231.574366749125,68.9471081309875,317.464177287657,-133.216639698429,54.8041436122096
22.8152300295238,-258.642797266865,1021.53873076882,27.6268127249159,-249.418508524464,1108.97571798515,28.4207875654687,-199.285963159015,1217.0712946924,37.5235718596822,-160.805064330525,1350.34609484299,49.0123012510138,-129.971529887268,1485.41317026274,58.0435126656874,-83.9375800668172,1570.58893235871,3.3918386669973,-103.460997619457,1389.35731873741,-157.558994268597,-85.1284612919492,1453.33969560468,-320.538084580476,19.1640068050364,1333.42913232149,-217.262359292071,84.6646591204584,1317.99983985993,-113.986634003668,150.16531143588,1302.57054739836,61.4800099171665,-97.7853841980232,1380.78915812387,236.982565752472,-51.7867537392636,1387.41193984277,374.175882373379,17.1327076745358,1232.06021002149,261.533992896136,90.5021049830334,1244.88841085363,148.892103418895,163.87150229153,1257.71661168578,-73.7291945734786,-273.036238938483,999.079970466103,-211.679457088634,-137.368873858491,547.153727064444,-216.876525376322,-197.525512352393,125.403087800389,-264.071638350456,-103.347355443889,63.678771423211,117.836078762342,-237.356861850698,998.079398745772,233.429117811029,-136.046531221415,528.268210592929,251.98315535531,-227.8731523449,79.2141200626284,318.316080129631,-131.005108586055,56.6573685734044
23.055021486693,-256.00262399742,1036.94489104902,27.9268425854058,-247.274759518483,1124.42949143746,28.7307239368844,-198.859481560534,1233.30497462614,37.8091448169543,-163.932190978778,1367.55652679101,49.3587694945428,-136.155526155236,1503.28005339131,58.5067090870224,-91.6636489121507,1589.2590381778,3.40932161355302,-107.707712625607,1407.93787130713,-155.107115372336,-93.5149610755006,1478.69168441414,-316.130918356826,29.460699014816,1374.93250233707,-215.950209094949,99.7460615243364,1360.16540166875,-115.769499833072,170.031424033858,1345.39830100042,61.4473843778763,-101.490238902673,1399.40628914043,234.850071524038,-50.2799754497628,1415.83490302219,366.655211695761,27.853782680868,1260.17958152571,259.327960398173,109.583131567911,1266.26243631677,152.000709100583,191.312480454954,1272.34529110783,-73.3909769162345,-271.139065625327,1014.55180000912,-207.982427858667,-145.978189978208,558.598803647279,-218.618351026783,-190.997117429701,135.066507708952,-264.860568596415,-99.8820210503004,68.2346912921492,117.838595970159,-233.704531299205,1013.46592025444,230.064223726371,-141.749263915924,540.922034930008,252.167781425614,-222.762526884903,89.9517023821773,319.020806610867,-128.216549465673,60.2193458332887
23.3287938778464,-253.865167822321,1051.57207221174,27.7361580740266,-245.761416384052,1139.14130149792,28.7561746534299,-198.971846412605,1248.7234711817,38.0731919568598,-166.649035289414,1383.60950337702,49.3047767467462,-141.791031937938,1519.92437338107,58.5925499698702,-98.679934285989,1606.58906222328,3.07830578859306,-111.703703023245,1425.2215351908,-152.356994032976,-101.197287297837,1503.09630554956,-308.949551088314,39.3713089892495,1416.28106045811,-213.662372514344,116.462576331088,1403.182814297,-118.375193940373,193.553843672927,1390.08456813588,61.049693878413,-104.689877759133,1416.85577035416,232.611282458366,-51.3314613488257,1442.93992394612,363.560112816803,45.1180393077512,1297.14569945032,261.678498107053,133.219716139026,1306.84402851549,159.7968833973,221.3213929703,1316.54235758065,-72.8526655042041,-269.865091500227,1028.64779876951,-204.503682160913,-151.002231003431,570.158029463087,-222.001759666063,-185.364679562008,145.855694086536,-266.556084881634,-97.2433404904908,74.0480561614413,117.96461420513,-230.36777355077,1028.67388510352,226.505777659066,-147.226583322899,553.642891792688,253.735517511713,-217.56847916075,101.164698024591,320.205659139722,-124.861722752864,65.3951657826234
23.1193752748824,-252.267297468399,1065.11317619563,27.6788711708824,-244.319833793098,1152.68893986693,28.7057473017999,-198.272137498164,1262.58485151009,37.69307706685,-169.878661390873,1398.37458245457,47.9721373206799,-147.796595454263,1535.24143708346,58.3155177954448,-106.015915116692,1622.43654586371,2.08215847415818,-116.052644042902,1440.91650437732,-151.937554047519,-123.548374074948,1521.89019915823,-291.015953019111,44.9278691232633,1457.93239756331,-206.079733512116,133.682039319973,1447.79287873801,-121.143514005119,222.436209516683,1437.6533599127,60.0507160851568,-108.472798724257,1433.03907607591,228.794854688969,-49.8401946983826,1465.41986943408,369.733781306275,58.8855253813362,1338.84580019956,269.9751378299,147.913508911051,1357.76821186909,170.216494353525,236.941492440766,1376.69062353862,-73.0313933628354,-268.699726468905,1042.36679259443,-200.836550561708,-157.950615541443,580.76770835245,-224.962909456165,-180.892866968335,156.019542612711,-267.760903704644,-94.9622042433224,80.580507282843,117.586437849583,-228.251996168547,1042.05602131047,223.898069563454,-151.010121760123,565.527306454246,255.861030376044,-212.43442312879,112.061341672312,321.5638361224,-121.81255966269,70.0720450895364
22.8301799931412,-250.916465721652,1077.49191536733,27.2533004494953,-243.319565244735,1165.1057765588,28.4531572250665,-198.554198311115,1275.52850280461,37.7820917456825,-172.784611787043,1411.81757794573,47.6910585082206,-152.34555496159,1548.96665721906,58.1941325525991,-112.32355499166,1636.96394534967,1.32871190015741,-120.083887648762,1455.04925106371,-149.704513832237,-142.121591346143,1538.94383611579,-267.801427420526,47.6708651401884,1495.9369944584,-196.123892109037,147.862295662502,1491.6612331205,-124.446356797547,248.053726184815,1487.38547178261,59.1734686669025,-111.498581120769,1447.29436682121,225.865869605727,-54.0810977453034,1490.62747677862,361.544806094186,74.6611588953699,1377.83246007174,268.588944183605,169.777971611109,1401.23814609598,175.633082273025,264.894784326847,1424.64383212021,-73.203226288423,-267.788468822038,1054.57219920952,-197.275627521631,-162.598236920731,590.66025420739,-227.306430100762,-176.558174863168,165.898316856115,-269.47909602137,-92.9262195989501,87.5787313912622,117.18550307245,-226.274612338668,1054.63923351454,221.457241919346,-155.349093114884,576.679965916356,257.922207200648,-207.378532895455,122.379183855287,323.028253395535,-118.485923317692,75.9939646593777
22.7283445847941,-249.959728599523,1088.69848806243,26.9240365693843,-242.466552829362,1176.33246577629,28.191924072552,-198.540368019315,1287.09093702727,37.598095477409,-176.359650528471,1424.00460443425,47.6956346553361,-157.636669109954,1561.38474230391,58.3978431996632,-119.005263811028,1649.97749043388,0.530896971834402,-124.790834967222,1468.07129076303,-148.910678944298,-172.303242718527,1543.86564119776,-221.739168556917,43.0666600145993,1532.48750141103,-176.704773097706,157.764761611503,1535.73136779943,-131.670377638494,272.462863208405,1538.97523418784,58.2156277537971,-115.251958199293,1460.23909644618,223.120844400794,-61.7102116272095,1514.09476692869,349.665298388753,88.9884164352715,1419.3188052588,266.677611254446,192.00523986576,1446.45557620515,183.689924120136,295.022063296246,1473.5923471515,-73.1578429792548,-267.351795418897,1065.5522562828,-194.626580959626,-167.578461272531,599.758454437326,-228.659864879195,-172.957490513757,175.103024678817,-270.787932013794,-91.039930507125,94.9685471949258,116.987481461319,-224.740179569525,1066.08029933234,218.399635525347,-158.317028260478,586.860489369746,259.400138974772,-202.40614392358,132.106637846655,324.902985954568,-115.438122033985,82.7282817107922
22.4788670123494,-248.667151186254,1099.42966595222,26.4761120626434,-240.788879823728,1187.03914281775,28.1064607749456,-197.551299566377,1298.06350870699,38.018195146957,-173.005442133401,1434.53720953009,49.8481097353972,-144.444906130653,1570.0737784545,59.7816343119091,-119.214294092294,1663.45653419652,0.708218591400481,-119.072958323141,1475.45720008386,-145.493935886001,-181.064228086434,1546.9904759752,-181.492388828768,43.2327061419945,1561.57274771162,-162.366995946031,164.045685223123,1576.8278250985,-143.241603063294,284.858664304252,1592.08290248538,58.0899797064468,-109.152544370864,1466.03486058938,221.816798074083,-70.8165481462564,1534.48018685188,336.16730950298,99.7448079562578,1460.05678605685,265.62933399847,210.480724314714,1491.64439918261,195.09135849396,321.216640673171,1523.23201230837,-73.2520231679089,-266.780488829065,1076.19398941491,-192.593363822072,-170.477325959236,609.121635723299,-229.046986971564,-171.154889797349,184.633583288567,-271.282703873284,-89.4756724800377,104.312696616525,116.609604016375,-222.924096194072,1076.86658836599,215.59244500325,-159.940825286735,596.675385761972,261.949521671406,-199.486880130942,142.018275549025,326.3345512058,-112.989437588758,90.394228303146
22.227801850606,-247.495601035902,1107.71413405329,25.9652441751199,-239.621969969409,1195.33549573527,27.367185925923,-196.115006485888,1306.25769771626,38.9745862707771,-173.405656262459,1442.91554155041,52.7903799791572,-142.533381927991,1577.75559173344,60.6463604760672,-121.757017127904,1672.42461518062,1.87063719519547,-119.133459456063,1483.57287058523,-145.129947876513,-176.549850488791,1557.25586109049,-159.887713831547,48.3767907999186,1589.00267746844,-154.650739804897,168.611734385809,1615.65612747774,-149.413765778246,288.846677971697,1642.30957748704,58.9988173181613,-108.876753897068,1473.03566838957,220.810777863898,-83.6336198389343,1551.39736792302,316.433677828022,106.63076180753,1502.79917531655,262.346509404578,225.432378924455,1537.39079923539,208.259340981132,344.233996041378,1571.98242315423,-73.3296776979999,-266.211739887937,1084.24357274336,-192.040030276854,-172.991573154825,616.385591026965,-229.161315607025,-170.950427522429,191.959771485722,-271.986851025306,-87.8822594193131,113.394842136274,116.245924023963,-221.144434611489,1085.38474242516,214.936028910518,-161.230312235679,604.740750036059,262.774324744293,-197.188924010191,149.939219069951,326.096750841004,-110.450068469311,97.4137667519281
21.8048661634853,-246.735973293552,1114.18989894693,25.6514226882963,-238.508231180659,1201.77399468885,27.6239052771951,-196.03843745299,1313.08878318394,40.7322895936628,-174.509084250155,1449.80187627679,59.5621804927687,-141.889669734791,1583.61974360824,63.4803551962977,-127.294867818405,1679.67825405022,4.9605481748532,-119.887438630422,1491.17881590624,-144.178670692477,-171.858800456308,1564.60543237501,-148.201972083299,50.3097505103113,1614.02803828416,-149.876853074477,167.623893595141,1651.82831023283,-151.551734065657,284.938036679971,1689.6285821815,61.5941806226713,-109.523781984952,1478.33016228423,233.332433664024,-116.721495462469,1536.7685718237,266.370517521257,98.6868901605027,1551.38947001173,244.798229507112,227.586655288409,1585.37937149453,223.225941492967,356.486420416316,1619.36927297732,-73.652674325164,-266.264568683765,1090.97600385461,-191.885749593508,-174.726718470437,622.665209358266,-228.736028006252,-170.778863808195,198.229226178492,-272.567328426981,-86.5303804472353,121.497190402295,115.576666424997,-219.754719397822,1091.57896324442,214.004781766314,-160.576073526702,610.790152782349,262.491719444519,-195.007206263911,155.939110295725,325.425126473466,-107.039279478019,105.014538768331
21.4181428675357,-246.287465461575,1119.28195788391,25.2866962666399,-237.788293563118,1206.83916167632,26.1253987401851,-193.984961068367,1317.65035625997,38.8553282868563,-173.711483912612,1454.59102819306,57.2619336879789,-141.378736838596,1588.53729710709,62.504771572151,-129.37932651818,1684.89145927562,2.09494560481217,-119.996223854325,1496.28680602944,-144.749386797064,-168.500007203111,1576.40623003354,-135.762731093475,50.2904394403759,1638.59647399791,-142.547897227283,164.180469350368,1685.25798448668,-149.33306336109,278.07049926036,1731.91949497545,58.4957790323837,-108.471338717337,1483.40330439159,229.354894511667,-113.183251402971,1544.60659583071,244.611891661376,100.749625657179,1585.91042611577,237.761186634884,229.711526469484,1625.37841874932,230.910481608391,358.673427281788,1664.84641138288,-73.9137240923245,-266.588669935572,1096.21489829092,-192.541833331593,-175.611155953669,627.894813307511,-228.751548793444,-171.585156483487,203.404436234308,-273.563328463955,-85.9043252873632,128.855829756005,114.965419513449,-218.67355990416,1096.50538545931,213.435638298584,-159.26073853875,615.754078698609,263.171215563805,-194.254457434675,161.08082363507,324.828169426735,-104.238208673567,112.2159400493
21.0429224708568,-245.232243513692,1123.77240176451,24.6813201359527,-236.414342264959,1211.30795022514,25.5460037832608,-192.809444218139,1322.1971805095,37.3167923205034,-172.287084032939,1459.18657382656,53.5406310162567,-138.336852856989,1593.01475274568,60.84035091765,-132.036694288413,1689.77538449067,-0.735404351536928,-118.684259884182,1499.85548528421,-144.055320275628,-165.101022076113,1587.26190923334,-127.090591230244,49.3706620610796,1661.63758159544,-137.3660006806,159.513925828648,1716.01727781297,-147.641410130957,269.657189596219,1770.3969740305,55.6567938653607,-106.483172585183,1487.57073652055,226.864197328132,-111.265548262181,1547.78731421243,225.439411667101,97.3063549731487,1612.60852534035,232.215781827919,223.057211150809,1661.35921191022,238.992151988737,348.80806732847,1710.10989848009,-74.0334739812115,-266.606413521915,1100.62036743569,-193.266410712633,-175.970113786446,632.387726198938,-228.233487761228,-171.72834932511,207.79528237752,-273.838887175635,-85.6473782914462,134.194948616675,114.331797074324,-216.710432834055,1101.05489331425,212.474002544806,-157.771199608478,620.178234934493,263.914162176108,-193.544172371637,165.755346784107,324.268130908662,-101.615384730518,118.864214257885
21.0954517931269,-244.283803317175,1127.19245106593,24.7164727205918,-235.199178699296,1214.70144127437,25.4820687633021,-191.936032561726,1325.72517861698,37.3192180544719,-170.76154068272,1462.60956560855,53.4946773374587,-139.513166572695,1597.10010893484,61.2204813992915,-134.722806235046,1693.91416867696,-0.994954706709336,-118.237079850055,1504.42341459791,-143.048443139558,-162.187380917933,1595.11064920426,-118.685419881254,47.2166405188939,1680.98290823674,-133.377559317119,153.217016219612,1742.15753813803,-148.069698752983,259.21739192033,1803.33216803932,55.3129379951073,-105.458672887796,1492.3405698093,224.576179452623,-106.631388597915,1557.9870638182,217.547933630053,95.7359290035041,1639.86582036067,229.788994276051,217.383796421395,1697.2049801901,242.030054922048,339.031663839287,1754.54414001953,-73.7743469900663,-266.700565353436,1104.17934484231,-193.569946221312,-177.14453876861,635.882461596165,-227.847070399713,-172.303567978472,211.240169598324,-273.611634288865,-85.8459515557382,138.182107660651,114.065118216483,-214.858605216157,1104.31906388214,211.626721557067,-156.113229473466,623.300560428502,264.179381064052,-193.297594063873,169.118330605608,323.126927458018,-99.5603199910936,124.054020202987
21.2617791813222,-243.42652248361,1130.43265860903,24.8304730873189,-233.808216017577,1217.88675038772,25.1769862504346,-189.903982632503,1328.66063911624,37.6415231309654,-169.243350941755,1465.56785671352,52.9283851222492,-139.255080946223,1600.44864898903,61.148730179517,-135.917442122645,1697.28296035922,-1.044455574208,-117.207860123039,1507.64986634137,-141.585441686687,-159.658090499207,1601.35795683514,-112.715087175734,44.2761131090335,1698.28570929347,-131.303100773394,146.169376198467,1765.11775730142,-149.891114371055,248.062639287898,1831.94980530937,55.3069412094213,-104.190252067326,1496.03420603987,221.732411536478,-104.243913530621,1568.58379110669,210.486266633691,91.4711033529885,1664.89170685898,230.030485780186,209.182682779006,1728.12013424723,249.574704926681,326.89426220502,1791.34856163548,-73.3572293140352,-267.063853753741,1107.60914439242,-194.389561634755,-178.088961376097,639.519536079787,-227.494392197029,-173.204133718104,214.784747010765,-273.360964428879,-86.5771707678485,141.991739096067,113.872445255517,-213.061582108303,1107.33227063151,211.153348601089,-154.422493470523,626.243952949286,264.177006996569,-192.781714415757,172.214197650165,321.979298446282,-97.6192901530469,128.679269602285
21.8617720661332,-241.554681324818,1133.35819336,25.1979199617599,-231.396320616222,1220.76038663476,25.0233378050687,-187.618903619391,1331.58485815029,38.161645531757,-167.60080655722,1468.52452834057,52.1759155479315,-136.441847691802,1603.27812617778,60.988157011825,-136.214765391897,1700.11763566811,-1.07761201708824,-115.365939113873,1509.84028898505,-140.877844808,-158.625762012886,1604.283286051,-108.222656831397,39.4949620071219,1711.51883696365,-129.711024701213,136.806751056102,1784.06495823719,-151.199392571028,234.118540105081,1856.61107951072,55.323041022528,-102.232007149482,1498.60072622409,219.025561526832,-103.786947289413,1577.08607064074,205.985816840628,85.9120243313036,1684.55850185004,230.380994708207,200.342181446555,1751.98580271841,254.776172575786,314.772338561805,1819.41310358678,-72.4347022479021,-266.46228963223,1110.55076080478,-194.482692059508,-179.088557832217,642.423259449462,-227.121844914785,-174.606106048989,217.647994491375,-272.979718907507,-87.9266103749715,144.912064015995,114.129899126141,-210.20572889706,1110.20157638052,210.349005976446,-152.793698302486,628.751860935332,263.746898657746,-192.126346160584,174.849267036803,320.588788428336,-95.8834627804804,132.439494406902
22.4498269659703,-240.271615844451,1135.83099035752,25.6285595857994,-229.857850476255,1223.20898938528,25.3828589184213,-186.085231344708,1334.03522116317,38.9501521824707,-165.119541066442,1470.79113875498,52.1899745724145,-135.41196314331,1605.95022845582,61.0413907584482,-136.489241964974,1702.78043895935,-0.858912247211329,-113.672531349067,1512.54801085784,-141.531901333126,-159.631224324704,1604.38430946602,-105.833264410197,31.3918162995523,1722.93156266089,-127.257575993341,124.775160894568,1800.48685763739,-148.681887576487,218.158505489583,1878.0421526139,55.4810007946361,-99.9711675377661,1501.68760426575,217.948882530059,-102.724574824345,1582.66592543395,203.033865114667,80.6936475791867,1700.31521863754,228.138817794,192.292630589128,1772.08732188887,253.243770473333,303.891613599068,1843.85942514021,-71.4625642021696,-266.63936184583,1113.0802155289,-194.282720001033,-179.913029818243,645.034287212596,-226.997665836266,-175.480929067835,220.264324532502,-272.872766374498,-89.1627109863409,147.110817867432,114.240607826317,-207.602282134221,1112.60255555465,209.020988752365,-151.236680269789,630.743982319428,263.589919773886,-191.871660658517,177.095454255992,319.538466712348,-94.7141136324801,135.593008546298
23.3330706141083,-238.520818255562,1137.60249696796,26.1826776772376,-227.997060575249,1224.97867122719,25.3859705756192,-185.087962453638,1336.13950408087,39.3673466633291,-163.757765536923,1472.79731188534,52.0882576789591,-132.652295808168,1607.69149555395,61.1352831190997,-135.308034498639,1704.4731887971,-0.768460541720437,-112.056011274618,1513.92198056048,-142.319317436853,-162.582891376237,1601.92985725283,-104.996767519723,20.895170116768,1731.39210729504,-124.115309002001,110.627300892002,1813.71403652161,-143.233850484278,200.359431667235,1896.03596574817,55.5488978066028,-98.2394636143384,1503.09055578736,217.445688213532,-104.788553790557,1584.98940205701,206.639322442245,72.4959365617267,1712.1093854775,230.92444951927,180.564975747538,1789.35666268073,255.209576596296,288.634014933348,1866.60393988397,-70.0492786118384,-266.601174931723,1114.71967761814,-193.874044930843,-180.743567174304,646.778295832875,-227.009502888822,-177.589002407589,222.029520036688,-272.492448708329,-91.0167090922729,148.931402213721,114.5534576679,-204.206832411252,1114.49872323624,208.014395100813,-149.801533668989,632.157347315371,262.682307424355,-190.866223833292,178.559433451075,317.976207502802,-93.0077157326459,137.833779927058
23.471030317783,-238.07609715929,1138.73309300597,26.5800423210179,-227.084113044859,1226.04274822175,25.4918697410127,-183.853445050557,1337.07644324152,39.1761745177267,-162.695058122995,1473.79101845988,51.5653040714023,-131.808663192872,1608.76639654365,60.4614810180899,-135.470331771465,1705.52924056588,-1.34886332821894,-111.36252714735,1514.99642294351,-144.382969904276,-166.105036564431,1597.93916873334,-105.667942433612,9.98866440488061,1736.89887906125,-121.575263888787,96.0954961288662,1823.65626841821,-137.482585343962,182.202327852852,1910.41365777516,54.8820428813101,-97.1362487901857,1504.24654879738,217.688581484275,-107.099586525708,1583.96884954059,210.230106262164,64.2442834864606,1719.21568906777,233.180196018728,167.979233691384,1802.5714324161,256.130285775293,271.714183896309,1885.92717576443,-69.666732385599,-267.390220414994,1116.40749478841,-193.772053590731,-182.42126873025,648.378238385514,-226.881902432161,-178.967103049965,223.629796313665,-273.277007595308,-93.0470409714567,150.335647100515,114.16862134251,-202.783729215631,1115.05211442284,206.593805410001,-147.899271318413,632.56546391971,261.908861894125,-189.66466575847,179.110004991746,316.495647190763,-91.1095825813415,139.116751817542
23.7824959304531,-236.370650904745,1138.46088788079,26.9082572525401,-225.486570215578,1225.78346209854,25.3732080276832,-182.305131085409,1336.83103363014,37.9772662941666,-162.572915891841,1473.86238044723,50.4443692720679,-131.242706151172,1608.72824682074,59.4502599804742,-136.25580222623,1705.42033835158,-2.99144325259436,-111.604803829739,1515.08141947459,-146.745824921342,-171.358643197555,1593.17849683531,-107.219677369077,-2.33799667491755,1740.44475460092,-119.639767082298,80.5853228312353,1830.79816298738,-132.059856795519,163.508642337388,1921.15157137385,53.0420109440992,-96.7729403563383,1504.12106182114,217.948263361193,-108.365407439206,1579.17054527828,213.221237003386,55.9951529906227,1722.9388298284,234.847724519771,154.404957096059,1812.84785026927,256.474212036157,252.814761201495,1902.75687071015,-68.9417855165118,-267.071326687226,1116.27825647563,-194.122290974624,-183.36416905489,648.307967712286,-226.88110117352,-181.144784756398,223.524061377547,-273.772524111365,-95.458735452753,150.271822031905,113.877265832161,-199.648585271847,1114.65300407258,205.281918071696,-145.299713277634,631.911379656123,261.184276746075,-188.601287708488,178.672086539787,314.969788215648,-89.2327424441519,139.617089208666
24.2549282060008,-234.598589624704,1137.6575818101,27.4698591464238,-224.024424165804,1225.01499024351,24.9854201440922,-181.491558985525,1336.29544291576,36.3378745506256,-162.364621128419,1473.52187855734,48.50557249272,-130.410849505994,1608.26873832642,57.8490839883604,-135.512804338513,1704.92413969713,-5.02134705788713,-111.532183343478,1514.51786426593,-149.148808989588,-176.272548501516,1587.80467683665,-109.226253339696,-14.0593447206424,1742.43556649673,-118.209489305542,65.4386124804783,1836.21003117601,-127.192725271389,144.9365696816,1929.9844958553,50.9089017307736,-96.3377572266285,1503.52703678952,218.482057140252,-110.23706115806,1571.98818842193,218.551707610536,47.330010998118,1723.24515905938,236.662243626304,139.654922822923,1820.11592660444,254.772779642072,231.979834647728,1916.98669414949,-68.1884683502253,-266.200386969031,1115.56826681007,-193.603573999204,-183.953272470804,647.401948304935,-227.615067874556,-183.396540494339,222.711071634403,-275.37979808255,-98.0642662643427,149.610259857461,113.896506581725,-196.82343825858,1113.78671326727,204.245201769194,-143.166763267715,630.768948801861,260.150249867705,-187.550467458716,177.634675900843,313.094563293523,-87.3141563664965,139.662798635946
24.2001771328817,-233.276759248535,1135.78334771841,27.5873056477023,-222.880582959606,1223.15561129959,24.7839971397348,-180.578349833995,1334.51637071931,35.2308283876851,-162.746690869159,1471.98894350084,46.6753256056493,-132.332341086926,1607.15478024403,56.4041605346037,-136.5344025669,1703.81547657176,-6.58203439294572,-112.641283372667,1513.41750168405,-150.592592809728,-182.946716664654,1581.63115262401,-111.293766597974,-26.6197191502775,1742.3642172811,-117.283839032053,49.881242451991,1838.83180696602,-123.273911466133,126.38220405426,1935.29939665094,49.3041898733357,-97.0005997690185,1502.83636011674,219.699477363018,-114.905582543086,1562.88417389602,222.991025702445,36.4292860686162,1720.34204603103,237.305774521997,122.758614489984,1823.1922355474,251.620523341547,209.087942911352,1926.04242506378,-67.977266914111,-265.795371814671,1113.91438237592,-193.643684077223,-185.335983107992,645.504864200621,-228.216237874935,-185.918255905297,220.859327457791,-276.682612924748,-100.703807964183,148.083620582655,113.361954722473,-194.503508644325,1111.71666007633,203.088045598264,-140.65310153064,628.604407538528,258.840495507218,-186.086217477842,175.555344872437,310.907575144255,-85.1628401095041,138.195299808675
24.4786429762179,-231.744863668927,1132.88632086862,27.9150499659918,-221.626248704093,1220.28924017055,24.4212973864273,-180.515514693884,1332.07590058491,33.5892069803513,-164.146563155773,1469.82138860886,43.8570250964086,-133.991109720126,1605.13965474821,54.3339564824643,-136.810034543963,1701.77238903575,-8.71260711929028,-114.264456370968,1511.02241692163,-152.327029861828,-188.88953092871,1575.3729638348,-112.767592646756,-37.1784791893535,1740.40766829088,-115.803973658454,36.6675484620174,1839.05764823979,-118.840354670152,110.513576113387,1937.7076281887,47.2061990747575,-98.4236645314345,1500.9220193588,219.871488356124,-118.648597250037,1553.25300750552,222.726324676607,24.7014888998027,1718.02151467813,233.957055282118,105.550987948046,1825.59965212585,245.187785887628,186.400486996288,1933.17778957357,-67.4361334752018,-265.020816706545,1111.0510782838,-193.485846576935,-186.531602080807,642.410329559059,-228.586167628307,-188.446275533769,217.812008930054,-278.16918329285,-103.533926321104,145.436511222959,113.245677617732,-192.080099129123,1108.81324432307,201.944410941672,-137.842679437373,625.554593811539,257.711513369868,-184.308532903904,172.6120901463,308.472529596918,-82.4804201175128,135.915543626403
24.4409552231678,-230.166284720425,1129.13591419677,28.0994597892219,-220.406946266469,1216.57066827996,24.1261097696693,-180.323961377831,1328.71398291164,32.2903788672715,-165.006695185915,1466.64345285278,41.1333044459293,-135.264793624731,1602.153727631,52.2668637780018,-137.374311402033,1698.73111398859,-10.6422424716421,-115.47247458374,1507.61104738486,-153.084647095104,-195.082782103482,1568.49911979764,-113.818199848202,-46.8980709459493,1736.77592588602,-114.531326822932,24.6959826409964,1837.11563335202,-115.244453797662,96.2900362279419,1937.45534081803,45.2910244362064,-99.3250603709817,1498.09305019769,219.486698004731,-121.752939365695,1544.06847733337,224.676279362835,14.9713341184147,1714.32005450976,232.830488466929,91.2570764036632,1825.4498023763,240.984697571022,167.542818688911,1936.57955024284,-67.3127568457781,-263.986023166829,1107.45932285035,-193.522340120891,-187.423150058875,638.543012724695,-229.252319213833,-191.385433309913,214.011386931317,-279.437859463003,-106.530638335175,141.984513618311,112.8489162812,-189.778779509747,1104.94345992209,200.522075323854,-135.086217024662,621.548976012094,256.256740033516,-183.029022479053,168.756428112938,305.594369216378,-80.4792837817244,132.128142755145
24.5932796797506,-228.479911352321,1124.63953379741,28.3654215005765,-219.090910257877,1212.11000406503,23.9845211729844,-179.701458002627,1324.48364406966,31.2636937908736,-164.860528799743,1462.51470245193,39.0960066734651,-134.599323200118,1597.97217519634,51.0962928217332,-135.492163676113,1694.46462947418,-12.1085417895391,-115.323193257099,1503.01278086972,-152.728636271236,-200.098772672547,1561.09967459955,-111.135131895722,-53.9273749657725,1730.57400555781,-111.339231263189,15.6611032478497,1832.31719204623,-111.543330630655,85.2495814614734,1934.06037853464,43.8332247594469,-99.0222663554753,1493.81168633022,218.68608411053,-125.63124869485,1534.79121758811,225.869404448914,5.25972509245423,1709.49671588568,231.85026543106,77.7361691812885,1823.2825709695,237.831126413206,150.212613270124,1937.06842605332,-67.0256589627042,-262.67535413653,1102.98232312207,-193.660926452538,-188.37189760444,633.817380137149,-229.831429953848,-194.675603182315,209.351374000308,-280.550686622256,-109.855332886459,137.658460058302,112.746729938734,-187.530042796923,1100.46370967192,199.241198707307,-131.789689690392,616.976578312343,254.928785717634,-180.985377041288,164.312647921169,302.675371719757,-77.8902689176162,127.111249363615
24.5594111808806,-227.145111283082,1119.23230266958,28.3783064811204,-218.012292257943,1206.72786381211,23.7046187363746,-179.41967534017,1319.3658803378,30.2249991887124,-165.002231784864,1457.4797267538,36.9381732979221,-134.390640282398,1592.91855564271,49.2209160024317,-134.714722164893,1689.37904997539,-13.7245585201078,-115.637919216188,1497.56455941232,-152.844899143165,-205.378363059423,1551.66798466609,-111.699957419973,-62.1208542101937,1723.72037754816,-110.747620849229,5.35181688380987,1826.87465842856,-109.795284278486,72.8244879778133,1930.02893930896,42.1799311101665,-99.0190581321884,1488.71226600059,217.445892104587,-129.257954691759,1525.15858814788,226.848022499747,-3.99799592197299,1703.84155017421,231.136232677382,64.9423888192264,1819.87887635942,235.424442855016,133.882773560426,1935.91620254463,-66.9929270224146,-261.498691465574,1097.54373661351,-194.146191544865,-189.188365213677,628.20750064881,-230.27871740214,-198.066019015607,203.784291774156,-281.349005220219,-113.285172749051,132.29422975111,112.59324201397,-185.90660078687,1095.11129770878,198.250038586519,-128.231905880597,611.701917317061,252.62681849434,-179.105182052597,159.064057150095,299.040354725264,-75.8255039652582,120.705569207471
